{
	"1_4463":
	[
		[
			0.10041558902464887,
			22.5,
			1,
			1.2589529382471594,
			0,
			1,
			1.2589529382471594,
			30,
			4
		],
		[
			0.20083117804929773,
			22.5,
			1,
			1.2589529382471594,
			0,
			1,
			1.2589529382471594,
			30,
			5
		],
		[
			0.3493015842447665,
			0,
			1,
			1.2589529382471594,
			120,
			1,
			1,
			0,
			3
		]
	],
	"1_60311":
	[
		[
			0.023773614472522325,
			1.0169491525423728,
			5,
			2.4304095530606604,
			0,
			3,
			1.7804283196585906,
			7.5,
			0
		],
		[
			0.07458158223501632,
			10,
			2,
			1.6755163150675687,
			0,
			2,
			1.6077818573180742,
			12,
			2
		],
		[
			0.13764523638628223,
			15,
			2,
			1.4142135623730951,
			0,
			2,
			1.4142135623730951,
			20,
			1
		],
		[
			0.2380608254109311,
			22.5,
			1,
			1.2589529382471594,
			0,
			1,
			1.2589529382471594,
			30,
			2
		],
		[
			0.38653123160639985,
			0,
			1,
			1.2589529382471594,
			120,
			1,
			1,
			0,
			6
		]
	],
	"1_63141":
	[
		[
			0.041291903009727196,
			7.9411764705882355,
			4,
			2.0420394221077887,
			0,
			2,
			1.523787417879332,
			15,
			5
		],
		[
			0.14170749203437605,
			22.5,
			1,
			1.2589529382471594,
			0,
			1,
			1.2589529382471594,
			30,
			3
		],
		[
			0.2421230810590249,
			22.5,
			1,
			1.2589529382471594,
			0,
			1,
			1.2589529382471594,
			30,
			2
		],
		[
			0.43218862957318827,
			0,
			1,
			1.2589529382471594,
			60,
			0,
			0,
			0,
			0
		]
	],
	"1_89981":
	[
		[
			0.026644231409911595,
			1.3333333333333335,
			6,
			2.4995854683214147,
			0,
			3,
			1.9765855902562173,
			4.285714285714286,
			9
		],
		[
			0.0703456860309426,
			6.25,
			3,
			1.8226157288049947,
			0,
			2,
			1.6755163150675687,
			10,
			8
		],
		[
			0.11713445191770983,
			11.25,
			2,
			1.523787417879332,
			0,
			2,
			1.523787417879332,
			15,
			2
		],
		[
			0.2175500409423587,
			22.5,
			1,
			1.2589529382471594,
			0,
			1,
			1.2589529382471594,
			30,
			4
		],
		[
			0.36602044713782744,
			0,
			1,
			1.2589529382471594,
			120,
			1,
			1,
			0,
			6
		]
	],
	"1_95036":
	[
		[
			0.0376610397261393,
			4.090909090909091,
			4,
			2.126866699174401,
			0,
			3,
			1.8933997202706976,
			5.454545454545455,
			8
		],
		[
			0.08730597448823156,
			6.428571428571428,
			3,
			1.7320508075688772,
			0,
			3,
			1.7320508075688772,
			8.571428571428571,
			4
		],
		[
			0.13106957584554121,
			7.5,
			2,
			1.6755163150675687,
			0,
			2,
			1.6077818573180742,
			12,
			5
		],
		[
			0.229698638871297,
			22.5,
			2,
			1.4142135623730951,
			0,
			1,
			1.2589529382471594,
			30,
			0
		],
		[
			0.37816904506676574,
			0,
			1,
			1.2589529382471594,
			120,
			1,
			1,
			0,
			2
		]
	],
	"1_218827":
	[
		[
			0.04341550953837129,
			10.657894736842104,
			4,
			2.0789247448831243,
			0,
			2,
			1.6077818573180742,
			12,
			0
		],
		[
			0.14383109856302015,
			22.5,
			1,
			1.2589529382471594,
			0,
			1,
			1.2589529382471594,
			30,
			6
		],
		[
			0.24424668758766901,
			22.5,
			1,
			1.2589529382471594,
			0,
			1,
			1.2589529382471594,
			30,
			1
		],
		[
			0.34466227661231785,
			22.5,
			1,
			1.2589529382471594,
			0,
			1,
			1.2589529382471594,
			30,
			1
		],
		[
			0.5347278251264812,
			0,
			1,
			1.2589529382471594,
			60,
			0,
			0,
			0,
			1
		]
	],
	"1_826179":
	[
		[
			0.0627518412032299,
			15,
			3,
			1.9765855902562173,
			0,
			2,
			1.523787417879332,
			15,
			0
		],
		[
			0.1991703638534259,
			0,
			2,
			1.4142135623730951,
			60,
			1,
			1,
			0,
			8
		]
	],
	"1_1691093":
	[
		[
			0.032740967403815435,
			3.214285714285714,
			3,
			1.9765855902562173,
			0,
			3,
			1.7804283196585906,
			7.5,
			2
		],
		[
			0.1026780144290352,
			18,
			2,
			1.6077818573180742,
			0,
			2,
			1.4142135623730951,
			20,
			4
		],
		[
			0.20309360345368405,
			22.5,
			1,
			1.2589529382471594,
			0,
			1,
			1.2589529382471594,
			30,
			1
		],
		[
			0.3035091924783329,
			22.5,
			1,
			1.2589529382471594,
			0,
			1,
			1.2589529382471594,
			30,
			3
		],
		[
			0.4935747409924963,
			0,
			1,
			1.2589529382471594,
			60,
			0,
			0,
			0,
			1
		]
	],
	"1_2090997":
	[
		[
			0.04822371054244209,
			5.969387755102042,
			3,
			1.9765855902562173,
			0,
			3,
			1.7804283196585906,
			7.5,
			7
		],
		[
			0.09203770792339835,
			6.428571428571428,
			3,
			1.7320508075688772,
			0,
			2,
			1.6755163150675687,
			10,
			22
		],
		[
			0.13882647381016558,
			11.25,
			2,
			1.523787417879332,
			0,
			2,
			1.523787417879332,
			15,
			8
		],
		[
			0.23924206283481445,
			22.5,
			1,
			1.2589529382471594,
			0,
			1,
			1.2589529382471594,
			30,
			9
		],
		[
			0.3877124690302832,
			0,
			1,
			1.2589529382471594,
			120,
			1,
			1,
			0,
			6
		]
	],
	"1_2392146":
	[
		[
			0.027665239388464175,
			1.9396551724137931,
			4,
			2.2151502422202696,
			0,
			4,
			2,
			4,
			18
		],
		[
			0.06648557890862548,
			5.625,
			3,
			1.7804283196585906,
			0,
			3,
			1.7320508075688772,
			8.571428571428571,
			14
		],
		[
			0.13502988199980973,
			11.25,
			2,
			1.523787417879332,
			0,
			2,
			1.523787417879332,
			15,
			1
		],
		[
			0.20357418509099395,
			11.25,
			2,
			1.523787417879332,
			0,
			2,
			1.523787417879332,
			15,
			16
		],
		[
			0.2825640467487402,
			15,
			2,
			1.523787417879332,
			0,
			2,
			1.4142135623730951,
			20,
			1
		],
		[
			0.3621415182946879,
			15,
			2,
			1.4142135623730951,
			0,
			2,
			1.4142135623730951,
			20,
			6
		],
		[
			0.4252051724459538,
			15,
			2,
			1.4142135623730951,
			0,
			2,
			1.4142135623730951,
			20,
			9
		],
		[
			0.5256207614706027,
			22.5,
			1,
			1.2589529382471594,
			0,
			1,
			1.2589529382471594,
			30,
			1
		],
		[
			0.6260363504952515,
			22.5,
			1,
			1.2589529382471594,
			0,
			1,
			1.2589529382471594,
			30,
			3
		],
		[
			0.8161018990094149,
			0,
			1,
			1.2589529382471594,
			60,
			0,
			0,
			0,
			2
		]
	],
	"1_3226531":
	[
		[
			0.03787832954599677,
			4.159663865546219,
			4,
			2.0420394221077887,
			0,
			3,
			1.8933997202706976,
			5.454545454545455,
			18
		],
		[
			0.08169232692695304,
			8.571428571428571,
			3,
			1.7320508075688772,
			0,
			2,
			1.6755163150675687,
			10,
			17
		],
		[
			0.1612697984729007,
			15,
			2,
			1.4142135623730951,
			0,
			2,
			1.4142135623730951,
			20,
			4
		],
		[
			0.24084727001884837,
			22.5,
			2,
			1.4142135623730951,
			0,
			2,
			1.4142135623730951,
			20,
			6
		],
		[
			0.3893176762143171,
			0,
			1,
			1.2589529382471594,
			120,
			1,
			1,
			0,
			4
		]
	],
	"1_10732131":
	[
		[
			0.023415459196528748,
			0.6178489702517163,
			6,
			2.557177899777024,
			0,
			4,
			2.15496083253843,
			2.5,
			28
		],
		[
			0.05918063704012734,
			2.56578947368421,
			4,
			2.0789247448831243,
			0,
			3,
			1.9765855902562173,
			4.285714285714286,
			17
		],
		[
			0.09779499939018957,
			3.75,
			3,
			1.923652702059572,
			0,
			2,
			1.6755163150675687,
			10,
			7
		],
		[
			0.13966187775546737,
			9,
			2,
			1.6077818573180742,
			0,
			2,
			1.523787417879332,
			15,
			6
		],
		[
			0.24007746678011624,
			22.5,
			1,
			1.2589529382471594,
			0,
			1,
			1.2589529382471594,
			30,
			0
		],
		[
			0.388547872975585,
			0,
			1,
			1.2589529382471594,
			120,
			1,
			1,
			0,
			15
		]
	],
	"1_17099411":
	[
		[
			0.043373852225921265,
			5.625,
			4,
			2.2258023969766216,
			0,
			2,
			1.6077818573180742,
			12,
			1
		],
		[
			0.13908128280148993,
			22.5,
			2,
			1.523787417879332,
			0,
			1,
			1.2589529382471594,
			30,
			1
		],
		[
			0.3291468313156533,
			0,
			1,
			1.2589529382471594,
			60,
			0,
			0,
			0,
			2
		]
	],