{
"1_40_1_3":[[0.19006554851416338, 0, 1, 1.2589529382471594, 60.0, 0, 0.0, 0, 3]],
"1_207_1_0":[[0.10041558902464887, 22.5, 1, 1.2589529382471594, 0, 1, 1.2589529382471594, 30.0, 3], [0.24888599522011762, 0, 1, 1.2589529382471594, 120.0, 1, 1.0, 0, 3]],
"1_207_1_10":[[0.07898986165774624, 22.5, 2, 1.523787417879332, 0, 2, 1.4142135623730951, 20.0, 4], [0.227460267853215, 0, 1, 1.2589529382471594, 120.0, 1, 1.0, 0, 0]],
"1_207_1_11":[[0.10041558902464887, 22.5, 1, 1.2589529382471594, 0, 1, 1.2589529382471594, 30.0, 2], [0.2904811375388122, 0, 1, 1.2589529382471594, 60.0, 0, 0.0, 0, 2]],
"1_207_1_52":[[0.12021325068144677, 0, 2, 1.6077818573180742, 30.0, 1, 1.0, 0, 5]],
"1_207_1_153":[[0.10644890237820512, 0, 3, 1.7804283196585906, 17.142857142857142, 1, 1.0, 0, 4]],
"1_207_1_201":[[0.054580035753644736, 11.25, 2, 1.6755163150675687, 0, 2, 1.4142135623730951, 20.0, 3], [0.1549956247782936, 22.5, 1, 1.2589529382471594, 0, 1, 1.2589529382471594, 30.0, 1], [0.345061173292457, 0, 1, 1.2589529382471594, 60.0, 0, 0.0, 0, 5]],
"2_2_8_6":[[0.07546325780755926, 0, 3, 1.8599547356420525, 21.11111111111111, 4, 2.061050099692772, 0, 65]],
"2_2_13_48":[[0.09102610233138107, 34.285714285714285, 2, 1.523787417879332, 32.0, 4, 2.0217474721760724, 40.0, 19], [0.29508882552426097, 0, 3, 1.9765855902562173, 60.0, 0, 0.0, 0, 64]],
"6_3_1_5":[[0.03573966083109367, 3.4615384615384617, 3, 1.9512444547154013, 0, 2, 1.6077818573180742, 12.0, 3], [0.13144709140666233, 22.5, 2, 1.523787417879332, 0, 1, 1.2589529382471594, 30.0, 1], [0.2799174976021311, 0, 1, 1.2589529382471594, 120.0, 1, 1.0, 0, 7]],
"6_3_1_30":[[0.05025945571323011, 9.642857142857142, 3, 1.7320508075688772, 0, 2, 1.4142135623730951, 20.0, 2], [0.15067504473787896, 22.5, 1, 1.2589529382471594, 0, 1, 1.2589529382471594, 30.0, 0], [0.2991454509333477, 0, 1, 1.2589529382471594, 120.0, 1, 1.0, 0, 4]],
"6_3_1_42":[[0.05497760924722219, 9.0, 3, 1.9512444547154013, 0, 2, 1.6755163150675687, 10.0, 5], [0.17519085992866895, 0, 2, 1.6077818573180742, 30.0, 1, 1.0, 0, 6]],
"6_3_1_50":[[0.03882033952016131, 5.625, 3, 1.7804283196585906, 0, 3, 1.7320508075688772, 8.571428571428571, 5], [0.10685850300306458, 16.875, 2, 1.523787417879332, 0, 2, 1.4142135623730951, 20.0, 1], [0.20727409202771346, 22.5, 1, 1.2589529382471594, 0, 1, 1.2589529382471594, 30.0, 7], [0.30768968105236233, 22.5, 1, 1.2589529382471594, 0, 1, 1.2589529382471594, 30.0, 1], [0.49775522956652574, 0, 1, 1.2589529382471594, 60.0, 0, 0.0, 0, 5]],
"6_3_4_21":[[0.1569351599137503, 0, 2, 1.523787417879332, 52.0, 1, 1.2589529382471594, 0, 4]],
"6_3_6_286":[[0.15120324449733671, 0, 2, 1.6755163150675687, 53.57142857142858, 1, 1.2589529382471594, 0, 20]]
}
