{"1":0.393801,"2":0.50292,"3":0.465326,"4":0.449318,"5":0.50861,"6":0.616013,"7":0.552183,"8":0.563097,"9":0.553896,"10":0.665195,"11":0.734137,"12":0.836658,"13":0.961205,"14":1,"16":0.764077,"21":0.595658,"24":0.775244}