{"1": 0.3446744812791725, "2": 0.46654617307602536, "3": 0.4271401932917178, "4": 0.5850993023354703, "5": 0.553837805519475, "6": 0.524897652080869, "7": 0.5975764904145188, "8": 0.6360395735324165, "9": 0.6857221167259405, "10": 0.7048745660685594, "11": 0.8048869479485167, "12": 0.8071612604434855, "13": 0.8005381069286464, "14": 0.810673458326948, "15": 0.8848020299579319, "16": 0.8614197113880551, "17": 0.7826638964933881, "18": 0.8821893973406112, "19": 0.825803765431876, "20": 0.8274982168632379, "21": 0.8257341146876893, "22": 0.8543952315406774, "23": 0.8878967282886842, "24": 0.945785502370706, "25": 0.9521384721111119, "26": 0.680003364054179, "27": 0.821535988026494, "28": 0.8701133982778998, "29": 0.9948489121977931, "30": 0.8568954493220722, "31": 0.7834042865709029, "32": 0.7629840590687393, "33": 0.8174251078244388, "34": 1.0, "36": 0.8758556830303621, "38": 0.8160090120351285, "39": 0.8667065570783244, "43": 0.7508755612250548, "46": 0.8679607489326013, "53": 0.8947369402613835, "64": 0.3487827701769786}