{"1": 0.2744197822098659, "2": 0.33677916395753155, "3": 0.38500372725959464, "4": 0.4227087125451117, "5": 0.5082109395239246, "6": 0.5920926534709305, "8": 0.6730862141352623, "9": 0.6846453222628079, "13": 1.0}
