{
"12_2631929_12_2055006":[[0.06572149539087901, 0, 3, 1.923652702059572, 17.894736842105264, 5, 2.350225937236038, 0, 0]],
"12_2631929_12_3848962":[[0.07114730999400763, 0, 3, 1.8226157288049947, 20.335429769392032, 5, 2.350225937236038, 0, 0]],
"12_2631929_12_991246":[[0.0658411234070078, 0, 5, 2.2459728670129686, 22.806122448979593, 4, 2.0420394221077887, 0, 0]],
"12_3156655_12_126547":[[0.0437108753687554, 3.446170921198668, 3, 1.9512444547154013, 4.852941176470589, 5, 2.363252525804459, 13.967459324155195, 0], [0.10239911743797458, 4.912398921832884, 2, 1.6077818573180742, 16.24092888243832, 6, 2.4715429303935164, 2.6970033296337403, 0], [0.19955690860095462, 0, 2, 1.523787417879332, 32.38095238095238, 4, 2.15496083253843, 0, 0]],
"12_3156655_12_2057758":[[0.051089841412094224, 0, 4, 2.141252554165705, 9.352847822253572, 6, 2.531677494496031, 0, 0]],
"12_3156655_12_2144841":[[0.006077164519333733, 1.0714285714285714, 4, 2.168049749922979, 17.909407665505228, 5, 2.350225937236038, 3.111111111111111, 0], [0.10213344527545805, 20.0, 1, 1.0, 0, 3, 1.923652702059572, 60.0, 0], [0.1944327084768292, 0, 2, 1.6077818573180742, 30.94017094017094, 4, 2.126866699174401, 0, 0]],
"12_3156655_12_2254532":[[0.027772305599520333, 9.0, 3, 1.8933997202706976, 7.428571428571429, 5, 2.356817526173301, 13.73913043478261, 0], [0.0895529577308074, 20.0, 2, 1.523787417879332, 50.0, 4, 2.0217474721760724, 35.625, 0], [0.1426736716846093, 10.714285714285714, 1, 1.2589529382471594, 35.0, 5, 2.2459728670129686, 16.041666666666668, 0], [0.21655992626324394, 19.82142857142857, 2, 1.6077818573180742, 17.142857142857142, 4, 2.15496083253843, 26.428571428571427, 0], [0.31932530335231757, 0, 2, 1.523787417879332, 39.34782608695652, 4, 2.0957856337848013, 0, 0]],
"12_3156655_12_2443437":[[0.05082298923352175, 0, 4, 2.168049749922979, 9.612121212121213, 6, 2.4995854683214147, 0, 0]],
"12_3156655_12_2741782":[[0.044542140160707816, 0, 5, 2.3221363919414295, 8.192371475953564, 6, 2.588520758684599, 0, 0]]
}